<?xml version="1.0" encoding="UTF-8"?>
<project-private xmlns="http://www.netbeans.org/ns/project-private/1">
    <editor-bookmarks xmlns="http://www.netbeans.org/ns/editor-bookmarks/2" lastBookmarkId="0"/>
    <open-files xmlns="http://www.netbeans.org/ns/projectui-open-files/2">
        <group>
            <file>file:/C:/Users/Thapelo%20Mkhwanazi/Documents/NetBeansProjects/SnipAndStyleWebApp/src/java/za/ac/tut/web/LoginServlet.java</file>
            <file>file:/C:/Users/Thapelo%20Mkhwanazi/Documents/NetBeansProjects/SnipAndStyleWebApp/src/java/za/ac/tut/web/CheckSamePasswordServlet.java</file>
            <file>file:/C:/Users/Thapelo%20Mkhwanazi/Documents/NetBeansProjects/SnipAndStyleWebApp/web/start.html</file>
            <file>file:/C:/Users/Thapelo%20Mkhwanazi/Documents/NetBeansProjects/SnipAndStyleWebApp/web/CSS/styles.css</file>
            <file>file:/C:/Users/Thapelo%20Mkhwanazi/Documents/NetBeansProjects/SnipAndStyleWebApp/web/index.html</file>
            <file>file:/C:/Users/Thapelo%20Mkhwanazi/Documents/NetBeansProjects/SnipAndStyleWebApp/web/WEB-INF/web.xml</file>
            <file>file:/C:/Users/Thapelo%20Mkhwanazi/Documents/NetBeansProjects/SnipAndStyleWebApp/web/register_account_page.html</file>
        </group>
    </open-files>
</project-private>
